table,outcome,column,estimate,se,pvalue,n
table04,worka_paper,beta,.6347276363088805,1.2302525,.60590136,150071
table04,worka_paper,delta,-.4438633896919955,1.5797923,.77873868,150071
table04,worka_paper,beta_plus_delta,.190864246616885,1.0085388,.84989822,150071
table04,worku_paper,beta,3.252148545595305,1.5108396,.031354547,150071
table04,worku_paper,delta,-4.912385342994796,2.079963,.018188125,150071
table04,worku_paper,beta_plus_delta,-1.66023679739949,1.4427288,.24983035,150071
table04,childcare_paper,beta,6.164567557918899,3.8762774,.11176002,150071
table04,childcare_paper,delta,-11.4584064044168,5.2543268,.02920145,150071
table04,childcare_paper,beta_plus_delta,-5.293838846497904,3.5965774,.14104515,150071
table04,home_paper,beta,-.7439454569321602,14.257606,.95838618,150071
table04,home_paper,delta,35.02346013405511,18.195925,.054254759,150071
table04,home_paper,beta_plus_delta,34.27951467712295,11.514003,.0029089202,150071
table04,homeproduction_paper,beta,5.831000363646816,5.7272167,.30862039,150071
table04,homeproduction_paper,delta,15.57185186960823,7.4363685,.036258828,150071
table04,homeproduction_paper,beta_plus_delta,21.40285223325504,4.8248987,9.1680995e-06,150071
table04,homeown_paper,beta,-8.153219520343841,10.458457,.43563724,150071
table04,homeown_paper,delta,39.5486649176136,14.99048,.0083334642,150071
table04,homeown_paper,beta_plus_delta,31.39544539726976,10.861689,.0038465934,150071
table04,shopping_paper,beta,-.2989501511719408,5.2724137,.9547835,150071
table04,shopping_paper,delta,-16.73972930483125,7.990756,.036181055,150071
table04,shopping_paper,beta_plus_delta,-17.03867945600319,6.0556769,.0048979423,150071
table04,othercare_paper,beta,1.877224099181598,3.3854742,.57924104,150071
table04,othercare_paper,delta,-3.357327805486327,4.3278799,.43790001,150071
table04,othercare_paper,beta_plus_delta,-1.48010370630473,2.7424002,.5893963,150071
table04,leisure_paper,beta,57.82108753983785,18.903559,.0022226924,150071
table04,leisure_paper,delta,68.78568686085191,30.940075,.026202947,150071
table04,leisure_paper,beta_plus_delta,126.6067744006898,24.70134,2.9674533e-07,150071
table04,tv_paper,beta,35.18960314628769,16.166798,.029506039,150071
table04,tv_paper,delta,8.814102663511484,24.405884,.7179898,150071
table04,tv_paper,beta_plus_delta,44.00370580979918,18.49119,.017326171,150071
table04,socializing_paper,beta,-1.385524563044656,8.2570038,.8667407,150071
table04,socializing_paper,delta,16.77522750464086,10.544754,.11164109,150071
table04,socializing_paper,beta_plus_delta,15.38970294159621,6.6892586,.021410916,150071
table04,sleeping_paper,beta,29.49478052955729,7.6199136,.00010850101,150071
table04,sleeping_paper,delta,12.97742913331166,9.5067959,.17223148,150071
table04,sleeping_paper,beta_plus_delta,42.47220966286894,5.7905664,2.2217849e-13,150071
table04,ep_paper,beta,-3.348337841451805,2.6760392,.21085094,150071
table04,ep_paper,delta,-19.73292597498916,7.5423813,.008889555,150071
table04,ep_paper,beta_plus_delta,-23.08126381644097,7.0901275,.0011322923,150071
table04,otherleisure_paper,beta,-2.129433612071735,14.976734,.88693565,150071
table04,otherleisure_paper,delta,49.95185334435692,30.176886,.097863302,150071
table04,otherleisure_paper,beta_plus_delta,47.82241973228519,26.330822,.06933748,150071
table04,other_paper,beta,32.87141395454679,17.466066,.059833869,150071
table04,other_paper,delta,-86.9944917022155,32.114471,.0067509208,150071
table04,other_paper,beta_plus_delta,-54.12307774766872,27.117792,.045950118,150071
table04,education_paper,beta,11.06585390181688,12.717175,.38421828,150071
table04,education_paper,delta,-33.1770626433218,27.943323,.23510994,150071
table04,education_paper,beta_plus_delta,-22.11120874150492,25.009705,.37663943,150071
table04,civic_paper,beta,.7952800849084306,4.0797973,.84544677,150071
table04,civic_paper,delta,-20.50823482235026,5.9156227,.00052670902,150071
table04,civic_paper,beta_plus_delta,-19.71295473744183,4.3501353,5.8546148e-06,150071
table04,ownmedical_paper,beta,1.017161564665101,1.9301671,.5982067,150071
table04,ownmedical_paper,delta,-7.631766288311524,3.3764298,.023802236,150071
table04,ownmedical_paper,beta_plus_delta,-6.614604723646423,2.7876592,.017653018,150071
table05,worka_paper,beta,-1.58953161617599,2.20981,.47195184,38033
table05,worka_paper,delta,3.390049039559035,2.9056792,.24333249,38033
table05,worka_paper,beta_plus_delta,1.800517423383045,1.1752714,.12552209,38033
table05,worku_paper,beta,-3.247749751952225,2.5578082,.20417747,38033
table05,worku_paper,delta,2.823613190206022,3.1724327,.37344083,38033
table05,worku_paper,beta_plus_delta,-.424136561746203,1.6148837,.79282641,38033
table05,childcare_paper,beta,-6.951710163854131,4.7171321,.14055823,38033
table05,childcare_paper,delta,2.776924037557778,9.7035656,.77474362,38033
table05,childcare_paper,beta_plus_delta,-4.174786126296351,7.0101728,.55148757,38033
table05,home_paper,beta,41.82148327834554,11.292533,.00021267591,38033
table05,home_paper,delta,-14.43088391774823,6.3085132,.022165176,38033
table05,home_paper,beta_plus_delta,27.39059936059731,12.082375,.023390952,38033
table05,homeproduction_paper,beta,19.11766129492301,7.7263284,.013347784,38033
table05,homeproduction_paper,delta,4.088561488381947,10.673313,.70167238,38033
table05,homeproduction_paper,beta_plus_delta,23.20622278330496,7.143918,.0011606063,38033
table05,homeown_paper,beta,41.43611352918279,14.572451,.0044627264,38033
table05,homeown_paper,delta,-18.2648693941693,9.0710764,.044059072,38033
table05,homeown_paper,beta_plus_delta,23.17124413501349,8.1149349,.0042985003,38033
table05,shopping_paper,beta,-15.78846669443787,7.0773835,.025692133,38033
table05,shopping_paper,delta,-2.893265974779003,6.7689934,.66906667,38033
table05,shopping_paper,beta_plus_delta,-18.68173266921687,7.175487,.0092264041,38033
table05,othercare_paper,beta,-2.943824939756922,2.8767576,.30615965,38033
table05,othercare_paper,delta,2.638689723517548,4.2688298,.53648996,38033
table05,othercare_paper,beta_plus_delta,-.3051352162393738,4.0351787,.93972242,38033
table05,leisure_paper,beta,143.0414604773106,16.038454,4.7197747e-19,38033
table05,leisure_paper,delta,-29.5665937721599,28.212412,.29463884,38033
table05,leisure_paper,beta_plus_delta,113.4748667051507,36.136993,.0016887272,38033
table05,tv_paper,beta,54.89647337428476,23.418407,.019070029,38033
table05,tv_paper,delta,-22.29967870450024,22.064013,.3121691,38033
table05,tv_paper,beta_plus_delta,32.59679466978452,20.217306,.10689204,38033
table05,socializing_paper,beta,32.42282469897346,8.7238102,.0002019298,38033
table05,socializing_paper,delta,-31.81047130758556,10.05407,.00155649,38033
table05,socializing_paper,beta_plus_delta,.6123533913879042,8.244319,.94079095,38033
table05,sleeping_paper,beta,35.81945738472481,7.7929201,4.2983188e-06,38033
table05,sleeping_paper,delta,13.65531147140702,8.852354,.12293692,38033
table05,sleeping_paper,beta_plus_delta,49.47476885613182,7.1269865,3.8688388e-12,38033
table05,ep_paper,beta,-26.15224569149821,9.1261091,.0041615264,38033
table05,ep_paper,delta,5.92731589088745,9.270133,.52256322,38033
table05,ep_paper,beta_plus_delta,-20.22492980061076,8.2763815,.014537818,38033
table05,otherleisure_paper,beta,46.05495081382917,22.311045,.03899667,38033
table05,otherleisure_paper,delta,4.960928552219836,17.538116,.77727991,38033
table05,otherleisure_paper,beta_plus_delta,51.01587936604901,31.763702,.10825059,38033
table05,other_paper,beta,-73.07395251525686,21.088238,.00052993168,38033
table05,other_paper,delta,35.00689189704244,22.366169,.11754268,38033
table05,other_paper,beta_plus_delta,-38.06706061821441,34.600685,.27125269,38033
table05,education_paper,beta,-42.00708341515514,21.515146,.050885696,38033
table05,education_paper,delta,37.88303820564686,13.463679,.0048971712,38033
table05,education_paper,beta_plus_delta,-4.124045209508276,29.804695,.88994879,38033
table05,civic_paper,beta,-18.80659657264129,3.9499183,1.9238580e-06,38033
table05,civic_paper,delta,-1.928834642641015,5.5893188,.73002446,38033
table05,civic_paper,beta_plus_delta,-20.7354312152823,6.4951563,.0014107365,38033
table05,ownmedical_paper,beta,-8.104523162941625,2.1116486,.00012403665,38033
table05,ownmedical_paper,delta,2.582348729905898,4.9591985,.60256255,38033
table05,ownmedical_paper,beta_plus_delta,-5.522174433035727,4.7255626,.24257487,38033
table06,worka_paper,work_paper,-1.20579589052535,3.1843197,.70493537,38033
table06,worka_paper,female_workpaper,.6696341084352747,4.2401624,.8745147,38033
table06,worka_paper,married_workpaper,-1.174894616381255,4.2722535,.78331178,38033
table06,worka_paper,female_married_workpaper,5.277243721196687,6.0412459,.38237119,38033
table06,worku_paper,work_paper,-3.404290712565909,2.8450255,.23147164,38033
table06,worku_paper,female_workpaper,4.270465739817596,4.5135922,.34407991,38033
table06,worku_paper,married_workpaper,.4778156108772428,4.2899423,.91131467,38033
table06,worku_paper,female_married_workpaper,-2.744986005415308,3.8196824,.47236124,38033
table06,childcare_paper,work_paper,-4.634985699267994,3.1356595,.13936672,38033
table06,childcare_paper,female_workpaper,16.09029552952316,7.3983951,.029642409,38033
table06,childcare_paper,married_workpaper,-7.222889782125812,21.804729,.74045312,38033
table06,childcare_paper,female_married_workpaper,-20.38170998956011,22.982941,.37517631,38033
table06,home_paper,work_paper,33.61185995807471,14.648195,.021755623,38033
table06,home_paper,female_workpaper,-50.44996616330978,21.734587,.020276941,38033
table06,home_paper,married_workpaper,25.54660515951521,37.468178,.49535188,38033
table06,home_paper,female_married_workpaper,52.6220346372523,50.513657,.29753283,38033
table06,homeproduction_paper,work_paper,20.95461828610175,6.9532285,.0025812283,38033
table06,homeproduction_paper,female_workpaper,-16.11299224449525,9.0693102,.0756258,38033
table06,homeproduction_paper,married_workpaper,-5.59295096055953,35.589775,.87512624,38033
table06,homeproduction_paper,female_married_workpaper,37.87399420218913,37.327065,.31027156,38033
table06,homeown_paper,work_paper,18.41727559887716,11.168772,.099148184,38033
table06,homeown_paper,female_workpaper,.6188488466910252,6.6861854,.92625606,38033
table06,homeown_paper,married_workpaper,71.10685691100309,37.264172,.056367561,38033
table06,homeown_paper,female_married_workpaper,-63.05176017877605,40.713421,.12146045,38033
table06,shopping_paper,work_paper,-4.668994550125624,4.9383602,.34442693,38033
table06,shopping_paper,female_workpaper,-31.68090831805467,12.627781,.012113307,38033
table06,shopping_paper,married_workpaper,-34.26307659299397,32.092018,.28567797,38033
table06,shopping_paper,female_married_workpaper,65.00607350978585,40.241394,.10622341,38033
table06,othercare_paper,work_paper,-1.091039349189288,2.5139377,.6642912,38033
table06,othercare_paper,female_workpaper,-3.274914760759388,6.4866409,.61364967,38033
table06,othercare_paper,married_workpaper,-5.704224556435392,6.5190282,.38156766,38033
table06,othercare_paper,female_married_workpaper,12.79372738467014,7.2343159,.076981053,38033
table06,leisure_paper,work_paper,150.8466498994674,29.451172,3.0243456e-07,38033
table06,leisure_paper,female_workpaper,3.168805174571959,67.841125,.96274501,38033
table06,leisure_paper,married_workpaper,-24.28150958082724,63.218906,.70091456,38033
table06,leisure_paper,female_married_workpaper,-47.37825202495571,90.124458,.59909803,38033
table06,tv_paper,work_paper,62.13474256018404,17.567814,.00040492788,38033
table06,tv_paper,female_workpaper,-31.00169324445229,34.330952,.36651284,38033
table06,tv_paper,married_workpaper,-22.3474813598801,46.001293,.62710816,38033
table06,tv_paper,female_married_workpaper,24.68241713158427,48.712467,.61236805,38033
table06,socializing_paper,work_paper,44.09953693071979,8.7966099,5.3520358e-07,38033
table06,socializing_paper,female_workpaper,-35.92250134490654,14.954524,.016300539,38033
table06,socializing_paper,married_workpaper,-36.09405575262108,21.251772,.089431889,38033
table06,socializing_paper,female_married_workpaper,22.37966995273018,32.968609,.49725348,38033
table06,sleeping_paper,work_paper,32.69987790612645,9.3911581,.00049771002,38033
table06,sleeping_paper,female_workpaper,35.18738534077117,15.214992,.020740315,38033
table06,sleeping_paper,married_workpaper,9.553850747808365,36.769932,.79499662,38033
table06,sleeping_paper,female_married_workpaper,-41.87620135790277,38.632736,.27838412,38033
table06,ep_paper,work_paper,-25.58962819342513,7.37287,.00051894423,38033
table06,ep_paper,female_workpaper,4.775874299945795,13.852174,.73026401,38033
table06,ep_paper,married_workpaper,-1.734957010982928,18.026558,.92332637,38033
table06,ep_paper,female_married_workpaper,2.753078364495209,21.597651,.89856744,38033
table06,otherleisure_paper,work_paper,37.50212106043018,23.179819,.10568887,38033
table06,otherleisure_paper,female_workpaper,30.12973944771596,32.667824,.35636881,38033
table06,otherleisure_paper,married_workpaper,26.34113298751702,42.071091,.53124273,38033
table06,otherleisure_paper,female_married_workpaper,-55.31721516136756,49.991882,.26849979,38033
table06,other_paper,work_paper,-75.21343753702544,41.034168,.066810526,38033
table06,other_paper,female_workpaper,26.25076615236071,45.848804,.56694895,38033
table06,other_paper,married_workpaper,6.654872250718904,71.492172,.92583579,38033
table06,other_paper,female_married_workpaper,12.60566994589545,61.771305,.8382988,38033
table06,education_paper,work_paper,-56.84177123272075,37.751522,.13214892,38033
table06,education_paper,female_workpaper,43.26840439769403,32.916576,.18868242,38033
table06,education_paper,married_workpaper,45.85501694817072,36.226032,.20558363,38033
table06,education_paper,female_married_workpaper,-28.71552243218766,32.550774,.37768146,38033
table06,civic_paper,work_paper,-5.125217995477079,3.9530091,.19479094,38033
table06,civic_paper,female_workpaper,-14.29628153048999,9.1969624,.12007548,38033
table06,civic_paper,married_workpaper,-42.25777990540185,29.597485,.15336412,38033
table06,civic_paper,female_married_workpaper,39.48458392508697,35.442299,.26525664,38033
table06,ownmedical_paper,work_paper,-5.706474684047566,2.2362363,.010716155,38033
table06,ownmedical_paper,female_workpaper,-4.281546547642745,10.993622,.69693786,38033
table06,ownmedical_paper,married_workpaper,-7.38638719708054,6.3292046,.24319726,38033
table06,ownmedical_paper,female_married_workpaper,15.17090232338105,13.472022,.26012138,38033
table07,worka_paper,married,3.600422024232627,2.4427707,.14050606,20712
table07,worka_paper,single,-.5569739515598069,2.8105063,.84290761,20712
table07,worku_paper,married,-1.387409947604739,.83096141,.094989777,20712
table07,worku_paper,single,.7996977594657604,4.0169649,.8422001,20712
table07,childcare_paper,married,-15.62566313813759,9.3747721,.095558569,20712
table07,childcare_paper,single,11.34636353337732,5.8496547,.052420553,20712
table07,home_paper,married,60.00472566661198,14.6453,.000041817715,20712
table07,home_paper,single,-16.22422886362047,23.293373,.48610517,20712
table07,homeproduction_paper,married,36.68412052873067,11.014184,.00086651149,20712
table07,homeproduction_paper,single,5.518156326241497,9.1872721,.54808611,20712
table07,homeown_paper,married,26.18194502370674,9.6796732,.0068337773,20712
table07,homeown_paper,single,18.03988496773938,6.4650717,.0052649272,20712
table07,shopping_paper,married,-5.556079916842855,6.8163681,.41501018,20712
table07,shopping_paper,single,-35.47310920872017,13.676157,.0094923833,20712
table07,othercare_paper,married,2.69473965552347,4.4947348,.54881781,20712
table07,othercare_paper,single,-4.309161237907089,6.335247,.49638519,20712
table07,leisure_paper,married,82.31387337390652,14.158682,6.1118670e-09,20712
table07,leisure_paper,single,153.6003023872538,80.408867,.056102216,20712
table07,tv_paper,married,33.4982553903321,19.323008,.082990095,20712
table07,tv_paper,single,31.50285775939247,24.278013,.19442894,20712
table07,socializing_paper,married,-6.41124242747385,8.6182766,.4569295,20712
table07,socializing_paper,single,8.400596702537303,16.006283,.59970057,20712
table07,sleeping_paper,married,35.88319418557991,11.061443,.0011786849,20712
table07,sleeping_paper,single,67.43257331523242,18.417871,.00025098023,20712
table07,ep_paper,married,-19.51943044935394,8.6946363,.024768349,20712
table07,ep_paper,single,-20.49276266036161,9.6608429,.033903379,20712
table07,otherleisure_paper,married,38.86309650601244,19.042179,.041261226,20712
table07,otherleisure_paper,single,66.75703697152872,50.971729,.19030155,20712
table07,other_paper,married,-28.90594809560119,13.044161,.026691044,20712
table07,other_paper,single,-48.96516024543702,72.249557,.49794757,20712
table07,education_paper,married,4.337281999184547,6.6792474,.5161013,20712
table07,education_paper,single,-14.25480962246896,61.619316,.8170532,20712
table07,civic_paper,married,-22.16279784191018,7.7467036,.0042239674,20712
table07,civic_paper,single,-18.96062123879428,9.3470755,.042508394,20712
table07,ownmedical_paper,married,-2.104211713884206,4.2526326,.62073982,20712
table07,ownmedical_paper,single,-9.834616702443725,10.130679,.33165997,20712
table07,worka_paper,single_young,-9.570497504090952,12.484534,.44332635,11326
table07,worku_paper,single_young,-1.573744654015726,10.497466,.88083041,11326
table07,childcare_paper,single_young,151.8887621212459,174.04781,.38283527,11326
table07,home_paper,single_young,-97.37148544690073,136.06036,.47420803,11326
table07,homeproduction_paper,single_young,-43.78464387816635,65.61412,.50457722,11326
table07,homeown_paper,single_young,-5.514470562089049,13.124505,.67436421,11326
table07,shopping_paper,single_young,-61.44121829121827,76.321159,.42079937,11326
table07,othercare_paper,single_young,13.36884260408457,12.713651,.29301316,11326
table07,leisure_paper,single_young,43.45004853593017,130.26973,.73872739,11326
table07,tv_paper,single_young,-46.03236491339619,129.05759,.72133076,11326
table07,socializing_paper,single_young,2.7957420298053,40.450649,.94489819,11326
table07,sleeping_paper,single_young,97.61460118582548,109.29519,.37178859,11326
table07,ep_paper,single_young,-43.40148651271583,46.105396,.34652361,11326
table07,otherleisure_paper,single_young,32.47355728082547,105.82775,.7589553,11326
table07,other_paper,single_young,13.17691627149854,71.938286,.85466486,11326
table07,education_paper,single_young,30.64445322033411,86.344055,.72265631,11326
table07,civic_paper,single_young,-6.339948303027018,21.436592,.76741827,11326
table07,ownmedical_paper,single_young,-10.57602874785738,17.735315,.5509575,11326
table07,worka_paper,married_young,-5.037026182669743,1.9334478,.0091819549,9386
table07,worku_paper,married_young,1.496759247700598,1.5654994,.33902648,9386
table07,childcare_paper,married_young,5.116187001546551,11.542113,.65757585,9386
table07,home_paper,married_young,76.21955881482445,17.613989,.000015100482,9386
table07,homeproduction_paper,married_young,64.0355744946178,16.622156,.00011695489,9386
table07,homeown_paper,married_young,11.8996097973737,9.9580746,.23209837,9386
table07,shopping_paper,married_young,2.502754964058786,8.33321,.76392162,9386
table07,othercare_paper,married_young,-2.218380000423997,5.8941298,.70664102,9386
table07,leisure_paper,married_young,45.68391202714282,21.027903,.029815121,9386
table07,tv_paper,married_young,-9.516119108778209,19.843708,.63154495,9386
table07,socializing_paper,married_young,-23.75500120113734,15.638177,.12875266,9386
table07,sleeping_paper,married_young,43.65006531986824,14.167596,.0020632127,9386
table07,ep_paper,married_young,-1.4384223596627,11.163937,.89747995,9386
table07,otherleisure_paper,married_young,36.74338903146458,9.2505827,.000071269322,9386
table07,other_paper,married_young,-23.47938879762298,18.667919,.2084858,9386
table07,education_paper,married_young,5.377138796999462,8.756875,.5391838,9386
table07,civic_paper,married_young,-27.57167269449463,12.172829,.023511596,9386
table07,ownmedical_paper,married_young,-1.254502363370447,5.0197744,.80265534,9386
table08,worka_paper,beta,.2634556144545658,1.1037792,.81134981,143474
table08,worka_paper,delta,.6186074226103563,1.4550717,.67073548,143474
table08,worka_paper,beta_plus_delta,.8820630370649221,1.010628,.38277915,143474
table08,worku_paper,beta,1.047802625840144,.72710705,.14956862,143474
table08,worku_paper,delta,.4942377931616477,1.1116688,.65661544,143474
table08,worku_paper,beta_plus_delta,1.542040419001792,.87345976,.077489913,143474
table08,childcare_paper,beta,5.155870389667518,5.205195,.3219181,143474
table08,childcare_paper,delta,-10.87311669734323,6.399157,.089291252,143474
table08,childcare_paper,beta_plus_delta,-5.717246307675712,4.0540977,.15846913,143474
table08,home_paper,beta,-5.380809263553954,19.415375,.78167135,143474
table08,home_paper,delta,36.86995923894857,22.258368,.097629949,143474
table08,home_paper,beta_plus_delta,31.48914997539462,12.300076,.010464878,143474
table08,homeproduction_paper,beta,4.39301264867515,7.579546,.56219262,143474
table08,homeproduction_paper,delta,15.60238569014141,9.0210018,.083708487,143474
table08,homeproduction_paper,beta_plus_delta,19.99539833881656,5.390605,.00020782885,143474
table08,homeown_paper,beta,-9.78720570653328,13.199904,.45841438,143474
table08,homeown_paper,delta,40.41010329540952,17.762842,.022907147,143474
table08,homeown_paper,beta_plus_delta,30.62289758887624,12.628931,.015315937,143474
table08,shopping_paper,beta,-1.900056414641449,6.5840669,.77289975,143474
table08,shopping_paper,delta,-16.13948105554548,9.5625839,.091454595,143474
table08,shopping_paper,beta_plus_delta,-18.03953747018693,7.2856388,.013284844,143474
table08,othercare_paper,beta,1.913440516218769,4.4158993,.66479164,143474
table08,othercare_paper,delta,-3.003049141502953,5.1098914,.55673814,143474
table08,othercare_paper,beta_plus_delta,-1.089608625284184,2.8806305,.70524228,143474
table08,leisure_paper,beta,69.91807460422383,22.316797,.0017304143,143474
table08,leisure_paper,delta,55.617901876584,34.577412,.10772485,143474
table08,leisure_paper,beta_plus_delta,125.5359764808078,27.603014,5.4181751e-06,143474
table08,tv_paper,beta,42.40177888556103,20.7129,.040646371,143474
table08,tv_paper,delta,1.970909124499623,26.891273,.94157392,143474
table08,tv_paper,beta_plus_delta,44.37268801006064,18.409622,.015939465,143474
table08,socializing_paper,beta,-2.967475257454181,10.273993,.77270865,143474
table08,socializing_paper,delta,19.57128180954183,11.608882,.09181726,143474
table08,socializing_paper,beta_plus_delta,16.60380655208765,6.2027941,.0074322983,143474
table08,sleeping_paper,beta,37.63899038382089,9.0599613,.000032609692,143474
table08,sleeping_paper,delta,4.579451915187922,11.406671,.6880731,143474
table08,sleeping_paper,beta_plus_delta,42.21844229900881,7.4876804,1.7164995e-08,143474
table08,ep_paper,beta,-3.595260305683976,3.6251099,.32131174,143474
table08,ep_paper,delta,-19.66562933060533,8.132494,.015599439,143474
table08,ep_paper,beta_plus_delta,-23.2608896362893,7.5052066,.0019397823,143474
table08,otherleisure_paper,beta,-3.559958972246212,18.241941,.84527361,143474
table08,otherleisure_paper,delta,49.16188811979151,31.238834,.11554693,143474
table08,otherleisure_paper,beta_plus_delta,45.60192914754529,26.287336,.082785286,143474
table08,other_paper,beta,28.99560555028674,21.726006,.18200612,143474
table08,other_paper,delta,-82.72758941447997,36.345993,.022839243,143474
table08,other_paper,beta_plus_delta,-53.73198386419323,30.248163,.07567165,143474
table08,education_paper,beta,6.158136909868254,15.075315,.68291295,143474
table08,education_paper,delta,-26.89601750537328,28.999727,.35368901,143474
table08,education_paper,beta_plus_delta,-20.73788059550502,25.566744,.41729265,143474
table08,civic_paper,beta,.9883938171688044,5.0677977,.84536618,143474
table08,civic_paper,delta,-21.58468087889212,7.17134,.0026137391,143474
table08,civic_paper,beta_plus_delta,-20.59628706172331,5.3723507,.00012620084,143474
table08,ownmedical_paper,beta,1.790467012005282,2.4288166,.4610149,143474
table08,ownmedical_paper,delta,-7.979496093851211,4.0458832,.048580978,143474
table08,ownmedical_paper,beta_plus_delta,-6.18902908184593,3.3594978,.065438837,143474
table09,worka_paper,all,.1870969815309866,1.015263,.85379046,38033
table09,worku_paper,all,-1.767974125096312,1.4026674,.20751172,38033
table09,childcare_paper,all,-5.4964029983697,3.5312119,.11958443,38033
table09,home_paper,all,34.25866611565351,11.249554,.0023242084,38033
table09,homeproduction_paper,all,21.26036046496683,5.1014719,.000030796458,38033
table09,homeown_paper,all,31.86401326737582,10.564837,.002560959,38033
table09,shopping_paper,all,-17.30474537110612,6.2658634,.0057492577,38033
table09,othercare_paper,all,-1.560962459429102,2.8113887,.57873857,38033
table09,leisure_paper,all,127.5464468597467,24.300209,1.5310987e-07,38033
table09,tv_paper,all,43.20984393512304,18.892738,.022189178,38033
table09,socializing_paper,all,15.75185847634702,6.6902637,.018550385,38033
table09,sleeping_paper,all,42.97581901474943,5.9566808,5.4042746e-13,38033
table09,ep_paper,all,-23.04590746553058,7.4129992,.0018781666,38033
table09,otherleisure_paper,all,48.65483283152408,26.302124,.064335994,38033
table09,other_paper,all,-54.72783287638724,26.37314,.037973996,38033
table09,education_paper,all,-22.15365703135818,24.75605,.37085202,38033
table09,civic_paper,all,-19.81744412862106,4.6257305,.000018341761,38033
table09,ownmedical_paper,all,-6.751187400158385,2.7495642,.014074109,38033
table09,worka_paper,employed,.904292349868932,1.0506591,.38940847,36832
table09,worku_paper,employed,1.538346348812975,.90557069,.089364596,36832
table09,childcare_paper,employed,-6.293427636426335,4.2648335,.14003623,36832
table09,home_paper,employed,32.41593692326447,12.2985,.0083948243,36832
table09,homeproduction_paper,employed,20.26331217609237,5.8777995,.00056594348,36832
table09,homeown_paper,employed,32.19053501740913,12.890974,.012520039,36832
table09,shopping_paper,employed,-18.81103856131272,7.8712473,.016855612,36832
table09,othercare_paper,employed,-1.226871871234138,3.0657675,.68902081,36832
table09,leisure_paper,employed,128.0798486348579,28.558317,7.2964331e-06,36832
table09,tv_paper,employed,43.63079427743576,19.308121,.023839118,36832
table09,socializing_paper,employed,17.50813367879172,6.1651139,.0045131664,36832
table09,sleeping_paper,employed,43.02228729208755,7.984735,7.1219503e-08,36832
table09,ep_paper,employed,-23.821498413207,8.2587614,.0039217127,36832
table09,otherleisure_paper,employed,47.74013168883485,27.168793,.078889199,36832
table09,other_paper,employed,-56.64499686034677,30.772255,.065653592,36832
table09,education_paper,employed,-21.46093755330518,26.018724,.40946999,36832
table09,civic_paper,employed,-21.34881129099472,5.9778171,.00035516094,36832
table09,ownmedical_paper,employed,-6.548091845488482,3.4554391,.058091071,36832
